Filename,Predictions
1/13.jpeg,1
1/14.jpeg,1
1/15.jpeg,1
1/16.jpeg,1
1/17.jpeg,1
1/18.jpeg,1
1/19.jpeg,1
1/20.jpeg,1
1/21.jpeg,1
1/22.jpeg,1
1/23.jpeg,1
1/24.jpeg,1
10/26.jpeg,10
10/27.jpeg,10
10/28.jpeg,10
10/29.jpeg,10
10/30.jpeg,10
10/31.jpeg,10
10/32.jpeg,10
10/33.jpeg,10
10/34.jpeg,10
10/35.jpeg,10
10/36.jpeg,10
10/37.jpeg,10
10/38.jpeg,10
10/39.jpeg,10
10/40.jpeg,10
10/41.jpeg,10
10/42.jpeg,10
10/43.jpeg,10
10/44.jpeg,10
10/45.jpeg,10
10/46.jpeg,10
10/47.jpeg,10
10/48.jpeg,10
10/49.jpeg,10
10/50.jpeg,10
100/25.jpeg,100
100/26.jpeg,100
100/27.jpeg,100
100/28.jpeg,100
100/29.jpeg,100
100/30.jpeg,100
100/31.jpeg,100
100/32.jpeg,100
100/33.jpeg,100
100/34.jpeg,100
100/35.jpeg,100
100/36.jpeg,100
100/37.jpeg,100
100/38.jpeg,100
100/39.jpeg,100
100/40.jpeg,100
100/41.jpeg,100
100/42.jpeg,100
100/43.jpeg,100
100/44.jpeg,100
100/45.jpeg,100
100/46.jpeg,100
100/47.jpeg,100
100/48.jpeg,100
1000/23.jpeg,1000
1000/24.jpeg,1000
1000/25.jpeg,1000
1000/26.jpeg,1000
1000/27.jpeg,1000
1000/28.jpeg,1000
1000/29.jpeg,1000
1000/30.jpeg,1000
1000/31.jpeg,1000
1000/32.jpeg,1000
1000/33.jpeg,1000
1000/34.jpeg,1000
1000/35.jpeg,1000
1000/36.jpeg,1000
1000/37.jpeg,1000
1000/38.jpeg,1000
1000/39.jpeg,1000
1000/40.jpeg,1000
1000/41.jpeg,1000
1000/42.jpeg,1000
1000/43.jpeg,1000
1000/44.jpeg,1000
2/26.jpeg,2
2/27.jpeg,2
2/28.jpeg,2
2/29.jpeg,2
2/30.jpeg,2
2/31.jpeg,2
2/32.jpeg,2
2/33.jpeg,2
2/34.jpeg,2
2/35.jpeg,2
2/36.jpeg,2
2/37.jpeg,2
2/38.jpeg,2
2/39.jpeg,2
2/40.jpeg,2
2/41.jpeg,2
2/42.jpeg,2
2/43.jpeg,2
2/44.jpeg,2
2/45.jpeg,2
2/46.jpeg,2
2/47.jpeg,2
2/48.jpeg,2
2/49.jpeg,2
2/50.jpeg,2
20/22.jpeg,20
20/23.jpeg,20
20/24.jpeg,20
20/25.jpeg,20
20/26.jpeg,20
20/27.jpeg,20
20/28.jpeg,20
20/29.jpeg,20
20/30.jpeg,20
20/31.jpeg,20
20/32.jpeg,20
20/33.jpeg,20
20/34.jpeg,20
20/35.jpeg,20
20/36.jpeg,20
20/37.jpeg,20
20/38.jpeg,20
20/39.jpeg,20
20/40.jpeg,20
20/41.jpeg,20
20/42.jpeg,20
5/26.jpeg,5
5/27.jpeg,5
5/28.jpeg,5
5/29.jpeg,5
5/30.jpeg,5
5/31.jpeg,5
5/32.jpeg,5
5/33.jpeg,5
5/34.jpeg,5
5/35.jpeg,5
5/36.jpeg,5
5/37.jpeg,5
5/38.jpeg,5
5/39.jpeg,5
5/40.jpeg,5
5/41.jpeg,5
5/42.jpeg,5
5/43.jpeg,5
5/44.jpeg,5
5/45.jpeg,5
5/46.jpeg,5
5/47.jpeg,5
5/48.jpeg,5
5/49.jpeg,5
5/50.jpeg,5
50/26.jpeg,50
50/27.jpeg,50
50/28.jpeg,50
50/29.jpeg,50
50/30.jpeg,50
50/31.jpeg,50
50/32.jpeg,50
50/33.jpeg,50
50/34.jpeg,50
50/35.jpeg,50
50/36.jpeg,50
50/37.jpeg,50
50/38.jpeg,50
50/39.jpeg,50
50/40.jpeg,50
50/41.jpeg,50
50/42.jpeg,50
50/43.jpeg,50
50/44.jpeg,50
50/45.jpeg,50
50/46.jpeg,50
50/47.jpeg,50
50/48.jpeg,50
50/49.jpeg,50
50/50.jpeg,50
500/18.jpeg,500
500/19.jpeg,500
500/20.jpeg,500
500/21.jpeg,500
500/22.jpeg,500
500/23.jpeg,500
500/24.jpeg,500
500/25.jpeg,500
500/26.jpeg,500
500/27.jpeg,500
500/28.jpeg,500
500/29.jpeg,500
500/30.jpeg,500
500/31.jpeg,500
500/32.jpeg,500
500/33.jpeg,500
500/34.jpeg,500
